Havent.,ham
I dun believe u. I thk u told him.,ham
"Thanx. Yup we coming back on sun. Finish dinner going back 2 hotel now. Time flies, we're tog 4 exactly a mth today. Hope we'll haf many more mths to come...",ham
HI ITS KATE CAN U GIVE ME A RING ASAP XXX,ham
Aiyah u did ok already lar. E nydc at wheellock?,ham
Havent stuck at orchard in my dad's car. Going 4 dinner now. U leh? So r they free tonight?,ham
Ok no problem... Yup i'm going to sch at 4 if i rem correctly...,ham
Ok..,ham
WIN a £200 Shopping spree every WEEK Starting NOW. 2 play text STORE to 88039. SkilGme. TsCs08714740323 1Winawk! age16 £1.50perweeksub.,spam
"""GRAN ONLYFOUND OUT AFEW DAYS AGO.CUSOON HONI""",ham
Okie... Thanx...,ham
Hey happy birthday...,ham
"Double mins and txts 4 6months FREE Bluetooth on Orange. Available on Sony, Nokia Motorola phones. Call MobileUpd8 on 08000839402 or call2optout/N9DX",spam
Eh ur laptop got no stock lei... He say mon muz come again to take a look c got a not...,ham
"Haha... Sounds crazy, dunno can tahan anot...",ham
Thanx a lot...,ham
"""Hi missed your Call and my mumHas beendropping red wine all over theplace! what is your adress?""",ham
Ok... Take ur time n enjoy ur dinner...,ham
I dunno until when... Lets go learn pilates...,ham
EASTENDERS TV Quiz. What FLOWER does DOT compare herself to? D= VIOLET E= TULIP F= LILY txt D E or F to 84025 NOW 4 chance 2 WIN £100 Cash WKENT/150P16+,spam
"Hello darling how are you today? I would love to have a chat, why dont you tell me what you look like and what you are in to sexy?",ham
I'm home. Ard wat time will u reach?,ham
Todays Voda numbers ending 5226 are selected to receive a ?350 award. If you hava a match please call 08712300220 quoting claim code 1131 standard rates app,spam
Watching tv lor...,ham
Ard 4 lor...,ham
Yup ok...,ham
"449050000301 You have won a £2,000 price! To claim, call 09050000301.",spam
R u meeting da ge at nite tmr?,ham
Send a logo 2 ur lover - 2 names joined by a heart. Txt LOVE NAME1 NAME2 MOBNO eg LOVE ADAM EVE 07123456789 to 87077 Yahoo! POBox36504W45WQ TxtNO 4 no ads 150p.,spam
Phony £350 award - Todays Voda numbers ending XXXX are selected to receive a £350 award. If you have a match please call 08712300220 quoting claim code 3100 standard rates app,spam
Nite nite pocay wocay luv u more than n e thing 4eva I promise ring u 2morrowxxxx,ham
U free on sat rite? U wan 2 watch infernal affairs wif me n darren n mayb xy?,ham
URGENT! We are trying to contact U. Todays draw shows that you have won a £2000 prize GUARANTEED. Call 09066358361 from land line. Claim Y87. Valid 12hrs only,spam
Is toshiba portege m100 gd?,ham
Ü wait 4 me in sch i finish ard 5..,ham
"accordingly. I repeat, just text the word ok on your mobile phone and send",spam
Hi baby ive just got back from work and i was wanting to see u allday! I hope i didnt piss u off on the phone today. If u are up give me a call xxx,ham
Mum not going robinson already.,ham
Not directly behind... Abt 4 rows behind ü...,ham
You have WON a guaranteed £1000 cash or a £2000 prize. To claim yr prize call our customer service representative on 08714712379 between 10am-7pm Cost 10p,spam
Ok... Sweet dreams...,ham
Text BANNEDUK to 89555 to see! cost 150p textoperator g696ga 18+ XXX,spam
U sick still can go shopping?,ham
At home also.,ham
URGENT! Your Mobile number has been awarded a <UKP>2000 prize GUARANTEED. Call 09061790125 from landline. Claim 3030. Valid 12hrs only 150ppm,spam
"""HELLO U.CALL WEN U FINISH WRK.I FANCY MEETIN UP WIV U ALL TONITE AS I NEED A BREAK FROM DABOOKS. DID 4 HRS LAST NITE+2 TODAY OF WRK!""",ham
U 447801259231 have a secret admirer who is looking 2 make contact with U-find out who they R*reveal who thinks UR so special-call on 09058094597,spam
No 1 POLYPHONIC tone 4 ur mob every week! Just txt PT2 to 87575. 1st Tone FREE ! so get txtin now and tell ur friends. 150p/tone. 16 reply HL 4info,spam
"""HEY KATE, HOPE UR OK... WILL GIVE U A BUZ WEDLUNCH. GO OUTSOMEWHERE 4 ADRINK IN TOWN..CUD GO 2WATERSHD 4 A BIT? PPL FROMWRK WILL BTHERE. LOVE PETEXXX.""",ham
Valentines Day Special! Win over £1000 in our quiz and take your partner on the trip of a lifetime! Send GO to 83600 now. 150p/msg rcvd. CustCare:08718720201,spam
Tmr then ü brin lar... Aiya later i come n c lar... Mayb ü neva set properly ü got da help sheet wif ü...,ham
"U can WIN £100 of Music Gift Vouchers every week starting NOW Txt the word DRAW to 87066 TsCs www.ldew.com SkillGame,1Winaweek, age16.150ppermessSubscription",spam
83039 62735=£450 UK Break AccommodationVouchers terms & conditions apply. 2 claim you mustprovide your claim number which is 15541,spam
YOU HAVE WON! As a valued Vodafone customer our computer has picked YOU to win a £150 prize. To collect is easy. Just call 09061743386,spam
U call me alter at 11 ok.,ham
Guess what! Somebody you know secretly fancies you! Wanna find out who it is? Give us a call on 09065394973 from Landline DATEBox1282EssexCM61XN 150p/min 18,spam
Buy Space Invaders 4 a chance 2 win orig Arcade Game console. Press 0 for Games Arcade (std WAP charge) See o2.co.uk/games 4 Terms + settings. No purchase,spam
How are you babes. Hope your doing ok. I had a shit nights sleep. I fell asleep at 5.I’m knackered and i’m dreading work tonight. What are thou upto tonight. X,ham
Yup no more already... Thanx 4 printing n handing it up.,ham
"Last Chance! Claim ur £150 worth of discount vouchers today! Text SHOP to 85023 now! SavaMob, offers mobile! T Cs SavaMob POBOX84, M263UZ. £3.00 Sub. 16",spam
Collect your VALENTINE'S weekend to PARIS inc Flight & Hotel + £200 Prize guaranteed! Text: PARIS to No: 69101. www.rtf.sphosting.com,spam
Had your mobile 11 months or more? U R entitled to Update to the latest colour mobiles with camera for Free! Call The Mobile Update Co FREE on 08002986030,spam
Dis is yijue. I jus saw ur mail. In case huiming havent sent u my num. Dis is my num.,ham
Dear 0776xxxxxxx U've been invited to XCHAT. This is our final attempt to contact u! Txt CHAT to 86688 150p/MsgrcvdHG/Suite342/2Lands/Row/W1J6HL LDN 18yrs,spam
Customer Loyalty Offer:The NEW Nokia6650 Mobile from ONLY £10 at TXTAUCTION! Txt word: START to No: 81151 & get yours Now! 4T&Ctxt TC 150p/MTmsg,spam
Aiyah sorry lor... I watch tv watch until i forgot 2 check my phone.,ham
Mine here like all fr china then so noisy.,ham
Thanx u darlin!im cool thanx. A few bday drinks 2 nite. 2morrow off! Take care c u soon.xxx,ham
Hey pple...$700 or $900 for 5 nights...Excellent location wif breakfast hamper!!!,ham
Can i meet ü at 5.. As 4 where depends on where ü wan 2 in lor..,ham
"I'm nt goin, got somethin on, unless they meetin 4 dinner lor... Haha, i wonder who will go tis time...",ham
Enjoy the jamster videosound gold club with your credits for 2 new videosounds+2 logos+musicnews! get more fun from jamster.co.uk! 16+only Help? call: 09701213186,spam
"URGENT! Your Mobile No. was awarded £2000 Bonus Caller Prize on 5/9/03 This is our final try to contact U! Call from Landline 09064019788 BOX42WR29C, 150PPM",spam
URGENT This is our 2nd attempt to contact U. Your £900 prize from YESTERDAY is still awaiting collection. To claim CALL NOW 09061702893. ACL03530150PM,spam
SMS AUCTION - A BRAND NEW Nokia 7250 is up 4 auction today! Auction is FREE 2 join & take part! Txt NOKIA to 86021 now! HG/Suite342/2Lands Row/W1J6HL,spam
You are awarded a SiPix Digital Camera! call 09061221061 from landline. Delivery within 28days. T Cs Box177. M221BP. 2yr warranty. 150ppm. 16 . p p£3.99,spam
WINNER!! As a valued network customer you have been selected to receivea £900 prize reward! To claim call 09061701461. Claim code KL341. Valid 12 hours only.,spam
"""CAN I PLEASE COME UP NOW IMIN TOWN.DONTMATTER IF URGOIN OUTL8R,JUST REALLYNEED 2DOCD.PLEASE DONTPLEASE DONTIGNORE MYCALLS,U NO THECD ISV.IMPORTANT TOME 4 2MORO""",ham
"SMS SERVICES. for your inclusive text credits, pls goto www.comuk.net login= 3qxj9 unsubscribe with STOP, no extra charge. help 08702840625.COMUK. 220-CM2 9AE",spam
U have a secret admirer. REVEAL who thinks U R So special. Call 09065174042. To opt out Reply REVEAL STOP. 1.50 per msg recd. Cust care 07821230901,spam
Me hungry buy some food good lei... But mum n yun dun wan juz buy a little bit...,ham
I wait 4 ü inside da car park...,ham
Do you want a New Nokia 3510i colour phone DeliveredTomorrow? With 300 free minutes to any mobile + 100 free texts + Free Camcorder reply or call 08000930705,spam
Update_Now - 12Mths Half Price Orange line rental: 400mins...Call MobileUpd8 on 08000839402 or call2optout=J5Q,spam
URGENT! We are trying to contact you. Last weekends draw shows that you have won a £900 prize GUARANTEED. Call 09061701939. Claim code S89. Valid 12hrs only,spam
Yup. Wun believe wat? U really neva c e msg i sent shuhui?,ham
If i not meeting ü all rite then i'll go home lor. If ü dun feel like comin it's ok.,ham
Ok lor...,ham
Now got tv 2 watch meh? U no work today?,ham
oh ya... Got hip hop open. Haha i was thinking can go for jazz then zoom to cine... Actually tonight i'm free leh... And there's a kb lesson tonight,ham
Ok lor. Msg me b4 u call.,ham
"You are being contacted by our dating service by someone you know! To find out who it is, call from a land line 09050000878. PoBox45W2TG150P",spam
I also thk too fast... Xy suggest one not me. U dun wan it's ok. Going 2 rain leh where got gd.,ham
"Thk shld b can... Ya, i wana go 4 lessons... Haha, can go for one whole stretch...",ham
Double Mins & Double Txt & 1/2 price Linerental on Latest Orange Bluetooth mobiles. Call MobileUpd8 for the very latest offers. 08000839402 or call2optout/LF56,spam
"Hi, this is Mandy Sullivan calling from HOTMIX FM...you are chosen to receive £5000.00 in our Easter Prize draw.....Please telephone 09041940223 to claim before 29/03/05 or your prize will be transferred to someone else....",spam
I don't know u and u don't know me. Send CHAT to 86688 now and let's find each other! Only 150p/Msg rcvd. HG/Suite342/2Lands/Row/W1J6HL LDN. 18 years or over.,spam
Forgot to tell ü smth.. Can ü like number the sections so that it's clearer..,ham
Ü ready then call me...,ham
LORD OF THE RINGS:RETURN OF THE KING in store NOW!REPLY LOTR by 2 June 4 Chance 2 WIN LOTR soundtrack CDs StdTxtRate. Reply STOP to end txts,spam
"Hello from Orange. For 1 month's free access to games, news and sport, plus 10 free texts and 20 photo messages, reply YES. Terms apply: www.orange.co.uk/ow",spam
How come?,ham
Free entry in 2 a weekly comp for a chance to win an ipod. Txt POD to 80182 to get entry (std txt rate) T&C's apply 08452810073 for details 18+,spam
No break time one... How... I come out n get my stuff fr ü?,ham
Mum say we wan to go then go... Then she can shun bian watch da glass exhibition...,ham
Hey hun-onbus goin 2 meet him. He wants 2go out 4a meal but I donyt feel like it cuz have 2 get last bus home!But hes sweet latelyxxx,ham
How come u got nothing to do?,ham
74355 XMAS iscoming & ur awarded either £500 CD gift vouchers & free entry 2 r £100 weekly draw txt MUSIC to 87066 TnC,spam
CDs 4u: Congratulations ur awarded £500 of CD gift vouchers or £125 gift guaranteed & Freeentry 2 £100 wkly draw xt MUSIC to 87066 TnCs www.ldew.com1win150ppmx3age16,spam
Cheers for the message Zogtorius. I’ve been staring at my phone for an age deciding whether to text or not.,ham
Hey gals...U all wanna meet 4 dinner at nìte?,ham
ZOE IT JUST HIT ME 2 IM FUCKING SHITIN MYSELF IL DEFO TRY MY HARDEST 2 CUM 2MOROW LUV U MILLIONS LEKDOG,ham
"Today's Offer! Claim ur £150 worth of discount vouchers! Text YES to 85023 now! SavaMob, member offers mobile! T Cs 08717898035. £3.00 Sub. 16 . Unsub reply X",spam
FREE MSG:We billed your mobile number by mistake from shortcode 83332.Please call 08081263000 to have charges refunded.This call will be free from a BT landline,spam
Ay wana meet on sat?ü wkg on sat?,ham
"""Hi its Kate it was lovely to see you tonight and ill phone you tomorrow. I got to sing and a guy gave me his card! xxx""",ham
Okie...,ham
+123 Congratulations - in this week's competition draw u have won the £1450 prize to claim just call 09050002311 b4280703. T&Cs/stop SMS 08718727868. Over 18 only 150ppm,spam
make that 3! 4 fucks sake?! x,ham
U attend ur driving lesson how many times a wk n which day?,ham
"""ER, ENJOYIN INDIANS AT THE MO..yeP. SaLL gOoD HehE ;> hows bout u shexy? Pete Xx""",ham
But we havent got da topic yet rite?,ham
"our mobile number has won £5000, to claim calls us back or ring the claims hot line on 09050005321.",spam
Y?WHERE U AT DOGBREATH? ITS JUST SOUNDING LIKE JAN C THAT’S AL!!!!!!!!!,ham
U really pig leh sleep so much. My dad wake me up at 10 smth 2 eat lunch today.,ham
RGENT! This is the 2nd attempt to contact U!U have WON £1250 CALL 09071512433 b4 050703 T&CsBCM4235WC1N3XX. callcost 150ppm mobilesvary. max£7. 50,spam
Ok that's great thanx a lot.,ham
Ü still got lessons?  Ü in sch?,ham
"""URGENT! This is the 2nd attempt to contact U!U have WON £1000CALL 09071512432 b4 300603t&csBCM4235WC1N3XX.callcost150ppmmobilesvary. max£7. 50""",spam
Ha... Then we must walk to everywhere... Cannot take tram. My cousin said can walk to vic market from our hotel,ham
A £400 XMAS REWARD IS WAITING FOR YOU! Our computer has randomly picked you from our loyal mobile customers to receive a £400 reward. Just call 09066380611,spam
I reach home safe n sound liao...,ham
Aiyo u so poor thing... Then u dun wan 2 eat? U bathe already?,ham
Huh? 6 also cannot? Then only how many mistakes?,ham
Someonone you know is trying to contact you via our dating service! To find out who it could be call from your mobile or landline 09064015307 BOX334SK38ch,spam
Todays Voda numbers ending 1225 are selected to receive a £50award. If you have a match please call 08712300220 quoting claim code 3100 standard rates app,spam
CALL 09090900040 & LISTEN TO EXTREME DIRTY LIVE CHAT GOING ON IN THE OFFICE RIGHT NOW TOTAL PRIVACY NO ONE KNOWS YOUR [sic] LISTENING 60P MIN 24/7MP 0870753331018+,spam
Ok...,ham
"Congrats! 1 year special cinema pass for 2 is yours. call 09061209465 now! C Suprman V, Matrix3, StarWars3, etc all 4 FREE! bx420-ip4-5we. 150pm. Dont miss out!",spam
Shant disturb u anymore... Jia you...,ham
Okay lor... Will they still let us go a not ah? Coz they will not know until later. We drop our cards into the box right?,ham
You are a winner you have been specially selected to receive £1000 cash or a £2000 award. Speak to a live operator to claim call 087123002209am-7pm. Cost 10p,spam
YO YO YO BYATCH WHASSUP?,ham
Then we wait 4 u lor... No need 2 feel bad lar...,ham
"Wat time liao, where still got.",ham
"Urgent! call 09066350750 from your landline. Your complimentary 4* Ibiza Holiday or 10,000 cash await collection SAE T&Cs PO BOX 434 SK3 8WP 150 ppm 18+",spam
My house here e sky quite dark liao... If raining then got excuse not 2 run already rite... Hee...,ham
Hui xin is in da lib.,ham
Din i tell u jus now 420,ham
"""Hey! do u fancy meetin me at 4 at cha – hav a lil beverage on me. if not txt or ring me and we can meet up l8r. quite tired got in at 3 v.pist ;) love Pete x x x""",ham
"THAT’S ALRITE GIRL, U KNOW GAIL IS NEVA WRONG!!TAKE CARE SWEET AND DON’T WORRY.C U L8TR HUN!LOVE Yaxxx",ham
He like not v shock leh. Cos telling shuhui is like telling leona also. Like dat almost all know liao. He got ask me abt ur reaction lor.,ham
Shb b ok lor... Thanx...,ham
Get your garden ready for summer with a FREE selection of summer bulbs and seeds worth £33:50 only with The Scotsman this Saturday. To stop go2 notxt.co.uk,spam
U having lunch alone? I now so bored...,ham
Mmm thats better now i got a roast down me! i’d b better if i had a few drinks down me 2! Good indian?,ham
"URGENT!! Your 4* Costa Del Sol Holiday or £5000 await collection. Call 09050090044 Now toClaim. SAE, TC s, POBox334, Stockport, SK38xh, Cost£1.50/pm, Max10mins",spam
I'm coming home 4 dinner.,ham
Dunno he jus say go lido. Same time 930.,ham
Congratulations YOU'VE Won. You're a Winner in our August £1000 Prize Draw. Call 09066660100 NOW. Prize Code 2309.,spam
Ok thanx... Take care then...,ham
Quite late lar... Ard 12 anyway i wun b drivin...,ham
Ok then u tell me wat time u coming later lor.,ham
Sunshine Quiz Wkly Q! Win a top Sony DVD player if u know which country Liverpool played in mid week? Txt ansr to 82277. £1.50 SP:Tyrone,spam
Wat would u like 4 ur birthday?,ham
Juz go google n search 4 qet...,ham
"Your free ringtone is waiting to be collected. Simply text the password ""MIX"" to 85069 to verify. Get Usher and Britney. FML, PO Box 5249, MK17 92H. 450Ppw 16",spam
Wat r u doing?,ham
"""ALRITE HUNNY!WOT U UP 2 2NITE? DIDNT END UP GOIN DOWN TOWN JUS DA PUB INSTEAD! JUS CHILLIN AT DA MO IN ME BEDROOM!LOVE JEN XXX.""",ham
Please call our customer service representative on 0800 169 6031 between 10am-9pm as you have WON a guaranteed £1000 cash or £5000 prize!,spam
Eh u remember how 2 spell his name... Yes i did. He v naughty make until i v wet.,ham
Doing project w frens lor.,ham
No objection. My bf not coming.,ham
RT-KIng Pro Video Club>> Need help? info@ringtoneking.co.uk or call 08701237397 You must be 16+ Club credits redeemable at www.ringtoneking.co.uk! Enjoy!,spam
R we still meeting 4 dinner tonight?,ham
Cos darren say ü considering mah so i ask ü...,ham
My supervisor find 4 me one lor i thk his students. I havent ask her yet. Tell u aft i ask her.,ham
"""For the most sparkling shopping breaks from 45 per person; call 0121 2025050 or visit www.shortbreaks.org.uk""",spam
Eat at old airport road... But now 630 oredi... Got a lot of pple...,ham
Hello darlin ive finished college now so txt me when u finish if u can love Kate xxx,ham
Anything lor is she coming?,ham
Yup n her fren lor. I'm meeting my fren at 730.,ham
Or u ask they all if next sat can a not. If all of them can make it then i'm ok lor.,ham
Nothing. Can...,ham
Okay lor... Wah... like that def they wont let us go... Haha... What did they say in the terms and conditions?,ham
"Sppok up ur mob with a Halloween collection of nokia logo&pic message plus a FREE eerie tone, txt CARD SPOOK to 8007",spam
As usual u can call me ard 10 smth.,ham
"Hey elaine, is today's meeting still on?",ham
Had your mobile 11mths ? Update for FREE to Oranges latest colour camera mobiles & unlimited weekend calls. Call Mobile Upd8 on freefone 08000839402 or 2StopTxt,spam
"You have been specially selected to receive a ""3000 award! Call 08712402050 BEFORE the lines close. Cost 10ppm. 16+. T&Cs apply. AG Promo",spam
Ok... The theory test? when are ü going to book? I think it's on 21 may. Coz thought wanna go out with jiayin. But she isnt free,ham
"""Getting tickets 4 walsall tue 6 th march. My mate is getting me them on sat. ill pay my treat. Want 2 go. Txt bak .Terry""",ham
Wat time ü wan today?,ham
K... Must book a not huh? so going for yoga basic on sunday?,ham
cThen i thk shd b enuff.. Still got conclusion n contents pg n references.. I'll b doing da contents pg n cover pg..,ham
"URGENT! Your mobile No *********** WON a £2,000 Bonus Caller Prize on 02/06/03! This is the 2nd attempt to reach YOU! Call 09066362220 ASAP! BOX97N7QP, 150ppm",spam
"You are a £1000 winner or Guaranteed Caller Prize, this is our Final attempt to contact you! To Claim Call 09071517866 Now! 150ppmPOBox10183BhamB64XE",spam
Nope watching tv at home... Not going out. V bored...,ham
Dunno lei he neva say...,ham
How come guoyang go n tell her? Then u told her?,ham
Wat r u doing now?,ham
Can u look 4 me in da lib i got stuff havent finish yet.,ham
Ok... Let u noe when i leave my house.,ham
"Just gettin a bit arty with my collages at the mo, well tryin 2 ne way! Got a roast in a min lovely i shall enjoy that!",ham
HOW ARE U? I HAVE MISSED U! I HAVENT BEEN UP 2 MUCH A BIT BORED WITH THE HOLIDAY WANT 2 GO BAK 2 COLLEGE! SAD ISNT IT?xx,ham
Sun ah... Thk mayb can if dun have anythin on... Thk have to book e lesson... E pilates is at orchard mrt u noe hor...,ham
Hi i won't b ard 4 christmas. But do enjoy n merry x'mas.,ham
Right it wasnt you who phoned it was someone with a number like yours!,ham
"Ill call u 2mrw at ninish, with my address that icky American freek wont stop callin me 2 bad Jen k eh?",ham
Ü thk of wat to eat tonight.,ham
Ok set let u noe e details later...,ham
WOT U UP 2 J?,ham
wamma get laid?want real doggin locations sent direct to your mobile? join the UKs largest dogging network. txt dogs to 69696 now!nyt. ec2a. 3lp £1.50/msg.,spam
Hey i'm bored... So i'm thinking of u... So wat r u doing?,ham
Hi juan. Im coming home on fri hey. Of course i expect a welcome party and lots of presents. Ill phone u when i get back. Loads of love nicky x x x x x x x x x,ham
"This is the 2nd time we have tried 2 contact u. U have won the 750 Pound prize. 2 claim is easy, call 08718726970 NOW! Only 10p per min. BT-national-rate",spam
Ok,ham
All e best 4 ur driving tmr :-),ham
SMS AUCTION - A BRAND NEW Nokia 7250 is up 4 auction today! Auction is FREE 2 join & take part! Txt NOKIA to 86021 now!,spam
Ok but tell me half an hr b4 u come i need 2 prepare.,ham
Wanna have a laugh? Try CHIT-CHAT on your mobile now! Logon by txting the word: CHAT and send it to No: 8883 CM PO Box 4217 London W1A 6ZF 16+ 118p/msg rcvd,spam
Ok...,ham
Yunny i'm walking in citylink now ü faster come down... Me very hungry...,ham
4mths half price Orange line rental & latest camera phones 4 FREE. Had your phone 11mths ? Call MobilesDirect free on 08000938767 to update now! or2stoptxt,spam
"Had your contract mobile 11 Mnths? Latest Motorola, Nokia etc. all FREE! Double Mins & Text on Orange tariffs. TEXT YES for callback, no to remove from records",spam
"Urgent! call 09066612661 from landline. Your complementary 4* Tenerife Holiday or £10,000 cash await collection SAE T&Cs PO Box 3 WA14 2PX 150ppm 18+ Sender: Hol Offer",spam
His frens go then he in lor. Not alone wif my mum n sis lor.,ham
Ok... Then r we meeting later?,ham
"Oh... Haha... Den we shld had went today too... Gee, nvm la... Kaiez, i dun mind goin jazz oso... Scared hiphop open cant catch up...",ham
"Congrats! 2 mobile 3G Videophones R yours. call 09063458130 now! videochat wid your mates, play java games, Dload polyPH music, noline rentl.",spam
Great News! Call FREEFONE 08006344447 to claim your guaranteed £1000 CASH or £2000 gift. Speak to a live operator NOW!,spam
hi my darlin im on my way to London and we have just been smashed into by another driver! and have a big dent! im really missing u what have u been up to? xxx,ham
U GOIN OUT 2NITE?,ham
I was at bugis juz now wat... But now i'm walking home oredi... Ü so late then reply... I oso saw a top dat i like but din buy... Where r ü now?,ham
Okie.. Thanx..,ham
Oh ok wait 4 me there... My lect havent finish,ham
Ok lor... Sony ericsson salesman... I ask shuhui then she say quite gd 2 use so i considering...,ham
"Okies... I'll go yan jiu too... We can skip ard oso, go cine den go mrt one, blah blah blah...",ham
URGENT! We are trying to contact U Todays draw shows that you have won a £800 prize GUARANTEED. Call 09050000460 from land line. Claim J89. po box245c2150pm,spam
How i noe... Did ü specify da domain as nusstu... Ü still in sch...,ham
okmail: Dear Dave this is your final notice to collect your 4* Tenerife Holiday or #5000 CASH award! Call 09061743806 from landline. TCs SAE Box326 CW25WX 150ppm,spam
Ok lor...,ham
Me too! Have a lovely night xxx,ham
Hiya do u like the hlday pics looked horrible in them so took mo out! Hows the camp Amrca thing? Speak soon Serena:),ham
I'm in a movie. Call me 4 wat?,ham
Ding me on ya break fassyole! Blacko from londn,ham
"""CHA QUITEAMUZING THAT’SCOOL BABE,PROBPOP IN & CU SATTHEN HUNNY 4BREKKIE! LOVE JEN XXX. PSXTRA LRG PORTIONS 4 ME PLEASE """,ham
Urgent Ur £500 guaranteed award is still unclaimed! Call 09066368327 NOW closingdate04/09/02 claimcode M39M51 £1.50pmmorefrommobile2Bremoved-MobyPOBox734LS27YF,spam
Book which lesson? then you msg me... I will call up after work or sth... I'm going to get specs. My membership is PX3748,ham
"YOU VE WON! Your 4* Costa Del Sol Holiday or £5000 await collection. Call 09050090044 Now toClaim. SAE, TC s, POBox334, Stockport, SK38xh, Cost£1.50/pm, Max10mins",spam
U can call now...,ham
"WELL DONE! Your 4* Costa Del Sol Holiday or £5000 await collection. Call 09050090044 Now toClaim. SAE, TCs, POBox334, Stockport, SK38xh, Cost£1.50/pm, Max10mins",spam
Y ü wan to go there? C doctor?,ham
Huh y lei...,ham
Is xy in ur car when u picking me up?,ham
R ü going 4 today's meeting?,ham
Haha mayb u're rite... U know me well. Da feeling of being liked by someone is gd lor. U faster go find one then all gals in our group attached liao.,ham
Lmao!nice 1,ham
Send a logo 2 ur lover - 2 names joined by a heart. Txt LOVE NAME1 NAME2 MOBNO eg LOVE ADAM EVE 07123456789 to 87077 Yahoo! POBox36504W45WQ TxtNO 4 no ads 150p,spam
"""Hi darlin i cantdo anythingtomorrow as myparents aretaking me outfor a meal. when are u free? Katexxx""",ham
I'm not coming home 4 dinner.,ham
Anything lor... U decide...,ham
Yunny... I'm goin to be late,ham
"YOU 07801543489 are guaranteed the latests Nokia Phone, a 40GB iPod MP3 player or a £500 prize! Txt word:COLLECT to No:83355! TC-LLC NY-USA 150p/Mt msgrcvd18+",spam
"SIX chances to win CASH! From 100 to 20,000 pounds txt> CSH11 and send to 87575. Cost 150p/day, 6days, 16+ TsandCs apply Reply HL 4 info",spam
Ok...,ham
Hey i've booked the pilates and yoga lesson already... Haha,ham
Camera - You are awarded a SiPix Digital Camera! call 09061221066 fromm landline. Delivery within 28 days,spam
R u still working now?,ham
Congratulations ur awarded 500 of CD vouchers or 125gift guaranteed & Free entry 2 100 wkly draw txt MUSIC to 87066 TnCs www.Ldew.com1win150ppmx3age16,spam
Haha... Hope ü can hear the receipt sound... Gd luck!,ham
I'm at home n ready...,ham
"Piggy, r u awake? I bet u're still sleeping. I'm going 4 lunch now...",ham
YOU HAVE WON! As a valued Vodafone customer our computer has picked YOU to win a £150 prize. To collect is easy. Just call 09061743386,spam
Orh i tot u say she now still dun believe.,ham
Hey tmr meet at bugis 930 ?,ham
This message is brought to you by GMW Ltd. and is not connected to the,spam
"""HI BABE UAWAKE?FEELLIKW SHIT.JUSTFOUND OUT VIA ALETTER THATMUM GOTMARRIED 4thNOV.BEHIND OURBACKS – FUCKINNICE!SELFISH,DEVIOUSBITCH.ANYWAY,I’L CALL U""",ham
Bloomberg -Message center +447797706009 Why wait? Apply for your future http://careers. bloomberg.com,spam
WINNER! As a valued network customer you hvae been selected to receive a £900 reward! To collect call 09061701444. Valid 24 hours only. ACL03530150PM,spam
You have won a Nokia 7250i. This is what you get when you win our FREE auction. To take part send Nokia to 86021 now. HG/Suite342/2Lands Row/W1JHL 16+,spam
Gd luck 4 ur exams :-),ham
"""Im at arestaurant eating squid! i will be out about 10:30 wanna dosomething or is that to late?""",ham
Huh i cant thk of more oredi how many pages do we have?,ham
Huh so slow i tot u reach long ago liao... U 2 more days only i 4 more leh...,ham
Eh sorry leh... I din c ur msg. Not sad already lar. Me watching tv now. U still in office?,ham
Nope... C ü then...,ham
"pdate_Now - Double mins and 1000 txts on Orange tariffs. Latest Motorola, SonyEricsson & Nokia & Bluetooth FREE! Call MobileUpd8 on 08000839402 or call2optout/!YHL",spam
1st wk FREE! Gr8 tones str8 2 u each wk. Txt NOKIA ON to 8007 for Classic Nokia tones or HIT ON to 8007 for Polys. Nokia/150p Poly/200p 16+,spam
"Hello, hello, hi lou sorry it took so long 2 reply- I left mobile at friends in Lancaster, just got it bak Neway im sorry I couldn’t make ur b’day 2 hun!",ham
U still havent got urself a jacket ah?,ham
Ü say until like dat i dun buy ericsson oso cannot oredi lar...,ham
Ü go home liao? Ask dad to pick me up at 6...,ham
Haf u eaten? Wat time u wan me 2 come?,ham
URGENT! We are trying to contact U. Todays draw shows that you have won a £800 prize GUARANTEED. Call 09050001295 from land line. Claim A21. Valid 12hrs only,spam
I HAVE A DATE ON SUNDAY WITH WILL!!,spam
Then u going ikea str aft dat?,ham
"Hi there, 2nights ur lucky night! Uve been invited 2 XCHAT, the Uks wildest chat! Txt CHAT to 86688 now! 150p/MsgrcvdHG/Suite342/2Lands/Row/W1J6HL LDN 18yrs",spam
Got smaller capacity one? Quite ex...,ham
Yup... I havent been there before... You want to go for the yoga? I can call up to book,ham
